airlineIataCode,airlineName,airlineName_trimmed
2I,21 에어,21에어
Q5,40 마일 에어,40마일에어
FE,748 항공서비스,748항공서비스
R7,세븐에어,세븐에어
AQ,9 에어,9에어
Y6,AB 항공,AB항공
GB,ABX 에어,ABX에어
AN,어드밴스드 에어,어드밴스드에어
A3,에게안 항공,에게안항공
EF,에어카리베 페루,에어카리베페루
EI,에어링거스,에어링거스
EI,에어링구스리저널,에어링구스리저널
JK,에어카리베,에어카리베
N2,에어로 콘트렉트 항공,에어로콘트렉트항공
8G,에어로 딜리,에어로딜리
RF,에어로 K,에어로K
M0,에어로몽골,에어로몽골
KA,에어로 노마드,에어로노마드
7L,에어로카리비엔,에어로카리비엔
SU,아에로플로트,아에로플로트
XZ,에어리탈리아,에어리탈리아
AR,아르헨티나 항공,아르헨티나항공
S0,SOSA 항공,SOSA항공
3S,에어로로직,에어로로직
AM,아에로 멕시코,아에로멕시코
5D,아에로멕시코 커넥트,아에로멕시코커넥트
KW,에어로스탄,에어로스탄
E4,아에로탁시 아베테,아에로탁시아베테
F5,에어로트렌스카고,에어로트렌스카고
6R,아에로 유니온,아에로유니온
V5,에어로비아스 DAP,에어로비아스DAP
ZV,에어루스,에어루스
AW,아프리카 월드 항공,아프리카월드항공
XU,아프리카 익스프레스 에어웨이,아프리카익스프레스에어웨이
J7,아프리제트 비즈니스서비스,아프리제트비즈니스서비스
8U,아프리키야 항공,아프리키야항공
ZB,에어 알바니아,에어알바니아
AH,에어 알제리,에어알제리
6I,에어 알시,에어알시
TZ,에어 앙카,에어앙카
3S,에어 안틸레스,에어안틸레스
G9,에어 아라비아,에어아라비아
3L,에어 아라비아 아부다비,에어아라비아아부다비
E5,에어 아라비아 이집트,에어아라비아이집트
3O,에어 아라비아 모로코,에어아라비아모로코
KC,에어 아스타나,에어아스타나
2A,에어 아스트라,에어아스트라
CC,에어 애틀랜타 아이슬란드,에어애틀랜타아이슬란드
UU,에어 오스트랄,에어오스트랄
KF,에어 벨기에,에어벨기에
BP,에어 보츠와나,에어보츠와나
2J,에어 부르키나,에어부르키나
BX,에어 부산,에어부산
SM,에어카이로,에어카이로
TY,에어 칼레도니,에어칼레도니
AC,에어 캐나다,에어캐나다
RV,에어 캐나다 루즈,에어캐나다루즈
TX,에어 카라이브,에어카라이브
2Q,에어 카고캐리어,에어카고캐리어
GI,에어 센트럴,에어센트럴
Y2,에어 센츄리,에어센츄리
9H,에어 장안,에어장안
3C,에어 차트마스,에어차트마스
CA,에어 중국,에어중국
CA,에어 중국 화물,에어중국화물
8Z,에어 콩고,에어콩고
KS,에어 커넥트 항공,에어커넥트항공
XK,에어 코시카,에어코시카
HF,에어 코트디부아르,에어코트디부아르
YN,에어 크리벡,에어크리벡
RM,에어 딜리얀스,에어딜리얀스
DJ,에어 지부티,에어지부티
HD,에어 두,에어두
EN,에어 돌로미티,에어돌로미티
X5,에어 유로파 익스프레스,에어유로파익스프레스
UX,에어 유로파 항공,에어유로파항공
FS,에어 팔콘,에어팔콘
F4,에어 플라맹고,에어플라맹고
AF,에어 프랑스,에어프랑스
GL,에어 그린란드,에어그린란드
GT,에어 구이린,에어구이린
LD,에어 홍콩,에어홍콩
HT,에어 호라이즌,에어호라이즌
NY,에어 아이슬란드 커넥트,에어아이슬란드커넥트
KJ,에어 인천,에어인천
AI,에어 인도,에어인도
IX,에어 인디아 익스프레스,에어인디아익스프레스
3H,에어 인뉴이트,에어인뉴이트
AO,에어 후한,에어후한
IK,에어 키리바시,에어키리바시
JS,고려항공,고려항공
7I,에어 리비아,에어리비아
LZ,에어 링크,에어링크
NX,에어 마카오,에어마카오
ZM,에어 마냐스,에어마냐스
MK,에어 모리셔스,에어모리셔스
MV,에어 메디티라아난,에어메디티라아난
4O,에어 몬테네그로,에어몬테네그로
NZ,에어 뉴질랜드,에어뉴질랜드
PX,에어 뉴기니,에어뉴기니
4N,에어 노스,에어노스
N6,에어 원나인,에어원나인
7P,에어 파나마,에어파나마
P4,에어 피스,에어피스
YP,에어 프레미아,에어프레미아
GZ,에어 라로통가,에어라로통가
PJ,에어 생피에르,에어생피에르
9S,에어 사마르칸트,에어사마르칸트
HC,에어 세네갈,에어세네갈
RS,에어 서울,에어서울
JU,에어 세르비아,에어세르비아
HM,에어 세이쉘,에어세이쉘
YD,에어 시에라리온,에어시에라리온
VT,에어 타히티,에어타히티
TN,에어 타히티 누이,에어타히티누이
TC,에어 탄자니아,에어탄자니아
ST,에어탈루인,에어탈루인
6C,에어 티모르,에어티모르
8T,에어 틴디,에어틴디
TS,에어 트란삿,에어트란삿
8C,에어 트랜스포트 인터내셔널,에어트랜스포트인터내셔널
A6,에어 트래블,에어트래블
3N,에어 우르가,에어우르가
NF,에어 바누아투,에어바누아투
ZW,에어 위스콘신,에어위스콘신
UM,에어 짐바브웨,에어짐바브웨
9T,에어 엑트,에어엑트
AK,에어아시아,에어아시아
KT,에어아시아 캄보디아,에어아시아캄보디아
D7,에어아시아 엑스,에어아시아엑스
BT,에어발틱,에어발틱
PA,에어블루,에어블루
7B,에어보르네오,에어보르네오
4Y,에어버스 국제운송,에어버스국제운송
SB,에어칼린,에어칼린
ED,에어익스플로어,에어익스플로어
E2,에어하이파,에어하이파
RE,에어허버항공,에어허버항공
NQ,에어재팬,에어재팬
P2,에어케냐,에어케냐
K2,에어리프트 알래스카,에어리프트알래스카
4Z,에어링크 남아공,에어링크남아공
X8,에어맥스 카고,에어맥스카고
TL,에어노스,에어노스
PF,에어시알,에어시알
T6,에어스위프트,에어스위프트
VF,에이젯,에이젯
QP,아카사 항공,아카사항공
6L,악락 항공,악락항공
JN,알래스카 항공 교통,알래스카항공교통
AS,알래스카 항공,알래스카항공
KO,알래스카 센트랄 익스프레스,알래스카센트랄익스프레스
J5,알래스카 시플레인서비스,알래스카시플레인서비스
AP,알바스타,알바스타
G0,알바트로스 항공,알바트로스항공
VC,알류샨 항공,알류샨항공
DQ,알렉산드리아 항공,알렉산드리아항공
NH,전일본공수,전일본공수
G4,엘리지언트 에어,엘리지언트에어
9I,얼라이언스 에어,얼라이언스에어
QQ,알리앙스 항공,알리앙스항공
4W,얼라이드 에어,얼라이드에어
UJ,알마스리아 유니버셜 항공,알마스리아유니버셜항공
KH,알로하 항공 화물,알로하항공화물
AS,알파 스카이 항공,알파스카이항공
5A,알파인 에어 익스프레스,알파인에어익스프레스
6R,알로사 항공,알로사항공
K4,ALS 리미티드,ALS리미티드
MZ,아마쿠사 항공,아마쿠사항공
YJ,AMC 항공,AMC항공
8R,아멜리아항공,아멜리아항공
NL,에어로4M,에어로4M
AA,아메리칸 항공,아메리칸항공
A8,아메리라이트,아메리라이트
M6,아메리제트 인터내셔널,아메리제트인터내셔널
EH,아나 윙즈,아나윙즈
O4,안데스리네아스애리아,안데스리네아스애리아
2G,앙공라 항공,앙공라항공
Q3,앙구일라 에어서비스,앙구일라에어서비스
A2,애니마윙스,애니마윙스
GP,APG 항공,APG항공
DM,아라젯,아라젯
FG,아리아나 아프간 항공,아리아나아프간항공
W3,아리크 항공,아리크항공
IZ,앨키나 이스라엘 항공,앨키나이스라엘항공
6A,아르메니아 에어웨이,아르메니아에어웨이
AG,아루바 항공,아루바항공
GM,아시아 카고 항공,아시아카고항공
P9,아시아 태평양 항공,아시아태평양항공
OZ,아시아나 항공,아시아나항공
4K,아스카리 에비에이션,아스카리에비에이션
KP,아스키 항공,아스키항공
PH,ASL 오스트레일리아 항공,ASL오스트레일리아항공
3V,ASL 벨기에 항공,ASL벨기에항공
5O,ASL 프랑스 항공,ASL프랑스항공
0A,아스타 항공,아스타항공
8V,아스트랄 항공,아스트랄항공
I3,ATA 이란 항공,ATA이란항공
RC,아틀랜틱 에어웨이,아틀랜틱에어웨이
5Y,아틀라스 에어,아틀라스에어
V8,아트란,아트란
4A,ATSA 페루,ATSA페루
UI,오릭스 에어서비스,오릭스에어서비스
GR,오리니 에어서비스,오리니에어서비스
HZ,오로라,오로라
OS,오스트리안 항공,오스트리안항공
XP,아벨로항공,아벨로항공
YK,아비아 트래픽 컴퍼니,아비아트래픽컴퍼니
ZR,아비아콘지오트랜스,아비아콘지오트랜스
GD,에비에어,에비에어
AV,아비앙카 항공,아비앙카항공
A0,아비앙카 아르헨티나,아비앙카아르헨티나
QT,아비앙카 카고,아비앙카카고
LR,아비앙카 코스타리카,아비앙카코스타리카
2K,아비앙카 에콰도르,아비앙카에콰도르
TA,아비앙카 엘살바도르,아비앙카엘살바도르
GU,아비앙카 과테말라,아비앙카과테말라
WC,아비앙카 온두라스,아비앙카온두라스
4B,아비아스타-TU,아비아스타-TU
JU,아비올레,아비올레
X9,아비온 익스프레스,아비온익스프레스
4X,아비온 익스프레스 몰타,아비온익스프레스몰타
9V,아비어 항공,아비어항공
A7,어썸 카고,어썸카고
J2,아젤바이잔 항공,아젤바이잔항공
S4,아조레스 항공,아조레스항공
AJ,아즈텍 항공,아즈텍항공
AD,아줄 브라질,아줄브라질
2F,아줄 코넥타,아줄코넥타
ZF,아주르 항공,아주르항공
CJ,BA 시티플라이어,BA시티플라이어
A0,BA 유로플라이어,BA유로플라이어
J4,바드르 항공,바드르항공
UP,바하마항공,바하마항공
QH,뱀부 항공,뱀부항공
PG,방콕항공,방콕항공
ID,바틱 에어 인도네시아,바틱에어인도네시아
OD,바틱 에어 말레이시아,바틱에어말레이시아
B5,BBN 항공,BBN항공
0B,BBN 인도네시아 항공,BBN인도네시아항공
JV,베어스킨 항공사,베어스킨항공사
JD,베이징 케피탈 항공,베이징케피탈항공
B2,벨라비아 항공,벨라비아항공
CH,베미지 항공,베미지항공
B4,비온드 항공,비온드항공
8E,베링항공,베링항공
J8,버자야 에어,버자야에어
2T,버뮤다항공,버뮤다항공
NB,버니크 항공,버니크항공
8H,BH 에어,BH에어
B3,부탄 항공,부탄항공
BG,비만 방글라데시 항공,비만방글라데시항공
NT,빈터 카나리아스,빈터카나리아스
BH,비스밀라 항공,비스밀라항공
BZ,블루다트 항공,블루다트항공
SI,블루 아일랜드,블루아일랜드
BZ,블루버드 항공,블루버드항공
OB,볼리비아 항공,볼리비아항공
4B,부티크 에어,부티크에어
TT,브라텐스 국제항공,브라텐스국제항공
1X,브랜슨 에어 익스프레스,브랜슨에어익스프레스
MX,브리즈 항공,브리즈항공
BA,영국 항공,영국항공
BS,영국 국제 헬리콥터,영국국제헬리콥터
SN,브뤼셀 항공,브뤼셀항공
RP,부다페스트 에어크래프트 서비스,부다페스트에어크래프트서비스
U4,부다 에어,부다에어
BD,버짓 라인,버짓라인
J0,버팔로 항공,버팔로항공
LB,불 항공,불항공
FB,불가리아 항공,불가리아항공
UZ,부라키 항공,부라키항공
RR,버즈,버즈
VR,카페베르데 항공,카페베르데항공
9Q,카이코스 익스프레스 항공,카이코스익스프레스항공
A7,칼라피아 항공,칼라피아항공
MO,캄 에어,캄에어
QC,카메룬 항공,카메룬항공
KR,캄보디아 항공,캄보디아항공
K6,캄보디아 앙코르 항공,캄보디아앙코르항공
Z7,카멕스항공,카멕스항공
5T,캐나다 북부 항공,캐나다북부항공
PM,카나리플라이 항공,카나리플라이항공
9K,케이프 항공,케이프항공
8F,카딕 에어,카딕에어
C3,카고 쓰리,카고쓰리
W8,카고제트 항공,카고제트항공
CV,카고룩스 국제항공,카고룩스국제항공
C8,카고룩스 이탈리아,카고룩스이탈리아
BW,카리브 항공,카리브항공
V3,카르파트에어,카르파트에어
CX,캐세이퍼시픽 항공,캐세이퍼시픽항공
KX,케이맨 항공,케이맨항공
DG,세브고,세브고
5J,세부 퍼시픽 항공,세부퍼시픽항공
C2,세이바 인터콘티넨탈,세이바인터콘티넨탈
5Z,셈에어,셈에어
9M,센터럴 마운틴에어,센터럴마운틴에어
GM,체어항공 AG,체어항공AG
CE,샬레어 항공,샬레어항공
X7,챌린지 항공,챌린지항공
5C,챌린지 항공 IL,챌린지항공IL
6Q,참윙스 항공,참윙스항공
VC,차터 에어 트랜스포트,차터에어트랜스포트
EU,청두 항공,청두항공
CI,중화 항공,중화항공
CK,중국 화물 항공,중국화물항공
I9,중국 중앙 항공,중국중앙항공
MU,중국 동방 항공,중국동방항공
MU,차이나 이스턴 윈난 항공,차이나이스턴윈난항공
G5,중국 익스프레스 항공,중국익스프레스항공
CO,중국 노스웨스턴 국제항공,중국노스웨스턴국제항공
CF,차이나 포스탈 항공,차이나포스탈항공
CZ,중국 남방 항공,중국남방항공
CZ,중국 남방 화물,중국남방화물
KN,차이나 유나이티드 항공,차이나유나이티드항공
OQ,충칭 항공,충칭항공
C7,시나몬 에어,시나몬에어
QG,시티링크,시티링크
WX,시티제트,시티제트
VE,클릭 에어,클릭에어
H5,CM 항공,CM항공
2C,CMA CGM 화물항공,CMACGM화물항공
CQ,코스탈 항공,코스탈항공
GY,컬러풀 구이저우 항공,컬러풀구이저우항공
C5,커뮤트 에어,커뮤트에어
BU,아프리카 항공,아프리카항공
HQ,컴퍼스 화물항공,컴퍼스화물항공
DE,콘도르 플루그디엔스트,콘도르플루그디엔스트
8Z,콩고 항공,콩고항공
6C,컨넥트 화물항공,컨넥트화물항공
C4,콘퀘스트 항공 화물,콘퀘스트항공화물
LF,컨투어 항공,컨투어항공
V0,콘비아사,콘비아사
CM,코파 항공,코파항공
P5,코파 항공 콜롬비아,코파항공콜롬비아
XC,코렌돈 항공,코렌돈항공
XR,코렌돈 항공 유럽,코렌돈항공유럽
CD,코렌돈 네덜란드 항공,코렌돈네덜란드항공
SS,코르스에어,코르스에어
7C,코인 항공,코인항공
OU,크로아티아 항공,크로아티아항공
C8,크로노스 항공,크로노스항공
C9,크로노스 항공 베냉,크로노스항공베냉
CU,쿠바 항공,쿠바항공
CY,키프로스 항공,키프로스항공
D3,달로 항공,달로항공
DN,단에어,단에어
DX,DAT 항공,DAT항공
R6,도트 LT,도트LT
DF,디어제트항공,디어제트항공
DL,델타항공,델타항공
D5,DHL 에어로 익스프레스,DHL에어로익스프레스
Q7,DHL 에어 오스트리아,DHL에어오스트리아
D0,DHL 에어 영국,DHL에어영국
L3,DHL 과테말라,DHL과테말라
7T,DHL 에콰도르,DHL에콰도르
ES,DHL 국제항공 ME,DHL국제항공ME
4Y,디스커버 항공,디스커버항공
3R,디비 디비 에어,디비디비에어
DZ,둥하이 항공,둥하이항공
KB,드루크 에어,드루크에어
H7,이글 에어 우간다,이글에어우간다
ZE,이스타항공,이스타항공
2D,이스턴 항공,이스턴항공
T3,이스턴 에어웨이,이스턴에어웨이
RD,이지 차터,이지차터
U2,이지젯,이지젯
EC,이지젯 유럽,이지젯유럽
DS,이지젯 스위스,이지젯스위스
RF,이-카고,이-카고
8J,에코젯,에코젯
WK,에델바이스 에어,에델바이스에어
MS,이집트항공,이집트항공
LY,엘알 항공,엘알항공
3E,엘렉트라 항공,엘렉트라항공
EL,엘리항공,엘리항공
EA,에메랄드항공 아일랜드,에메랄드항공아일랜드
ET,에메테베,에메테베
EK,에미레이트 항공,에미레이트항공
9E,엔더버 항공,엔더버항공
E4,엔터 에어,엔터에어
MQ,엔보이,엔보이
E7,이쿼플라이트,이쿼플라이트
B8,에리트레아 항공,에리트레아항공
E7,이스타페타 항공,이스타페타항공
ES,에스텔라 항공,에스텔라항공
2F,ETF 항공,ETF항공
ET,에티오피아 항공,에티오피아항공
ZU,에티오피아 모잠비크 항공,에티오피아모잠비크항공
EY,에티하드 항공,에티하드항공
Q4,유로 항공,유로항공
YU,유로 애틀랜틱 항공,유로애틀랜틱항공
H6,유럽 항공 차터,유럽항공차터
QY,유럽 항공 운송 라이프찌히,유럽항공운송라이프찌히
SE,유럽 화물항공,유럽화물항공
EW,유로윙즈,유로윙즈
E6,유로윙스 유럽 리미티드,유로윙스유럽리미티드
BR,에바 항공,에바항공
8K,에바스 항공,에바스항공
5V,에버츠 항공 화물,에버츠항공화물
ZD,에와 항공,에와항공
7A,익스프레스 에어 카고,익스프레스에어카고
QE,익스프레스 프레이터스 오스트랄리아,익스프레스프레이터스오스트랄리아
MG,이즈니스 항공,이즈니스항공
FN,페스트젯 짐바브웨,페스트젯짐바브웨
7V,페데랄 항공,페데랄항공
FX,페덱스,페덱스
FJ,피지 항공,피지항공
AY,핀 에어,핀에어
FY,파이어플라이,파이어플라이
8D,FITS 항공,FITS항공
F8,플레어항공,플레어항공
W2,플렉스플라이트,플렉스플라이트
YS,플라이트 링크,플라이트링크
8W,플라이 올웨이즈,플라이올웨이즈
EQ,플라이 앙골라,플라이앙골라
IF,플라이 바그다드,플라이바그다드
9P,플라이 진나,플라이진나
F0,플라이 요르단,플라이요르단
2U,플라이 키바,플라이키바
FL,플라이 릴리,플라이릴리
F6,플라이투스카이,플라이투스카이
IC,플라이 91,플라이91
F3,플라이어딜,플라이어딜
FS,플라이 아리스탄,플라이아리스탄
S9,플라이 빅,플라이빅
FO,플라이본디,플라이본디
FZ,플라이두바이,플라이두바이
FT,플라이 이집트,플라이이집트
SX,플라이 GTA 항공,플라이GTA항공
5M,플라이 몬세라트,플라이몬세라트
WV,플라이 나미비아,플라이나미비아
XY,플라이 나스,플라이나스
5F,플라이 원,플라이원
3F,플라이원 아르메니아,플라이원아르메니아
FP,플라이 펠리칸,플라이펠리칸
FA,플라이사페어,플라이사페어
FH,프리버드 항공,프리버드항공
MI,프리버드 유럽,프리버드유럽
4F,프리덤 항공,프리덤항공
FA,프리덤 II,프리덤II
BF,프렌치 비,프렌치비
F9,프론티어 항공,프론티어항공
C0,FTL 에어라인즈,FTL에어라인즈
JH,후지드림 항공,후지드림항공
FU,푸저우 항공,푸저우항공
8S,갈리스테어 몰타,갈리스테어몰타
GA,가루다 인도네시아 항공,가루다인도네시아항공
9A,GCA 항공,GCA항공
9D,징기스칸 항공,징기스칸항공
GH,조지아 항공,조지아항공
A9,조지아 항공,조지아항공
D4,지오스카이,지오스카이
ZQ,독일 항공,독일항공
GW,겟젯 항공,겟젯항공
5S,글로벌 항공 운송,글로벌항공운송
GE,글로벌 항공 운영,글로벌항공운영
G6,글로벌 크로싱 항공,글로벌크로싱항공
6G,고투스카이,고투스카이
G7,고젯 항공,고젯항공
G3,골 항공,골항공
IV,GP 항공,GP항공
YR,그랜드캐년 항공,그랜드캐년항공
CN,그랜드 차이나 에어,그랜드차이나에어
GV,그랜트 항공,그랜트항공
HB,그레이터 베이 항공,그레이터베이항공
Q9,그린아프리카 항공,그린아프리카항공
GX,광시 베이부 걸프 항공,광시베이부걸프항공
IF,걸프앤캐리비안항공,걸프앤캐리비안항공
GF,걸프항공,걸프항공
G2,걸리버 항공,걸리버항공
HU,하이난 항공,하이난항공
HR,한에어라인,한에어라인
YB,하버 에어,하버에어
HA,하와이안 항공,하와이안항공
Y5,헤이웨이즈항공,헤이웨이즈항공
NS,허베이 항공,허베이항공
JB,헬리제트 인터내셔널,헬리제트인터내셔널
H3,헬로젯,헬로젯
2L,헬베틱 항공,헬베틱항공
HN,헤스톤 항공,헤스톤항공
5K,하이 플라이,하이플라이
3L,하이 플라이 몰타,하이플라이몰타
HG,하이버니언 항공,하이버니언항공
H9,히말라야 항공,히말라야항공
OI,힌터렌드 항공,힌터렌드항공
H7,하이스카이 몰도바,하이스카이몰도바
H4,하이스카이 루마니아,하이스카이루마니아
UO,홍콩 익스프레스,홍콩익스프레스
HD,홀리데이 항공,홀리데이항공
5Q,홀리데이 유럽,홀리데이유럽
RH,홍콩 화물항공,홍콩화물항공
HX,홍콩 항공,홍콩항공
A5,HOP! 항공,HOP!항공
QX,호라이즌 항공,호라이즌항공
MR,훈누 항공,훈누항공
II,IBC 항공,IBC항공
IB,이베리아 항공,이베리아항공
I2,이베리아 익스프레스,이베리아익스프레스
YW,이베리아 지역 항공 노스트룸,이베리아지역항공노스트룸
E9,이베로젯,이베로젯
6O,이베로젯 포르투갈,이베로젯포르투갈
FW,아이벡스 항공,아이벡스항공
QI,이봄에어,이봄에어
FI,아이슬란드 항공,아이슬란드항공
F7,아이플라이,아이플라이
V8,일리암나 에어택시,일리암나에어택시
I7,인디아원 에어,인디아원에어
6E,인디고 항공,인디고항공
QZ,인도네시아 에어아시아,인도네시아에어아시아
JY,인터 케르비안 항공,인터케르비안항공
IO,이르에어로,이르에어로
IR,이란 항공,이란항공
B9,이란 에어 투어,이란에어투어
EP,이란 아세만항공,이란아세만항공
IA,이라크 항공,이라크항공
I4,아일랜드 에어 익스프레스,아일랜드에어익스프레스
AZ,ITA항공,ITA항공
I8,이자비아,이자비아
JM,잠보제트,잠보제트
JC,일본 항공 커뮤터,일본항공커뮤터
JL,일본 항공,일본항공
NU,저팬 트랜스오션 에어,저팬트랜스오션에어
J9,자지라항공,자지라항공
QK,재즈 항공,재즈항공
QD,JC 캄보디아 국제항공,JC캄보디아국제항공
7C,제주 항공,제주항공
LS,제트투컴,제트투컴
B6,제트블루 항공,제트블루항공
WJ,제트스마트 아르헨티나,제트스마트아르헨티나
JA,제트스마트 칠레,제트스마트칠레
J6,젯스마트 콜롬비아,젯스마트콜롬비아
JZ,제트스마트 페루,제트스마트페루
JQ,제트스타 항공,제트스타항공
3K,제트스타 아시아,제트스타아시아
GK,제트스타 일본,제트스타일본
JG,장쑤 징동 화물항공,장쑤징동화물항공
RY,장시 항공,장시항공
LJ,진에어,진에어
JO,조니카 항공,조니카항공
R5,요르단 항공,요르단항공
JR,조이 에어,조이에어
XE,JSX 항공,JSX항공
3J,주바 항공 소말리아,주바항공소말리아
HO,준야오 항공,준야오항공
IM,주피터 제트,주피터제트
K4,칼리타 에어,칼리타에어
K9,칼리타 차터,칼리타차터
RQ,캄 에어,캄에어
NV,카룬 항공,카룬항공
FK,키와틴 에어,키와틴에어
M5,켄모어 에어,켄모어에어
4K,켄보렉 에어,켄보렉에어
KQ,케냐 항공,케냐항공
KG,키라임 에어,키라임에어
FK,KF 카고,KF카고
WA,KLM 시티호퍼,KLM시티호퍼
KL,KLM 네덜란드 항공,KLM네덜란드항공
KM,KM 몰타 항공,KM몰타항공
8K,케이마일 아시아,케이마일아시아
KO,코미 아비아트랜스,코미아비아트랜스
KE,대한 항공,대한항공
KV,크라스아비아,크라스아비아
KY,쿤밍 항공,쿤밍항공
KU,쿠웨이트 항공,쿠웨이트항공
B0,라 콤페니,라콤페니
LC,라 코스테나,라코스테나
TM,람 모잠비크 항공,람모잠비크항공
5A,라넥상 에어웨이즈 인터내셔널,라넥상에어웨이즈인터내셔널
LQ,란메이 항공,란메이항공
QV,라오스 항공,라오스항공
LK,라오스 스카이웨이,라오스스카이웨이
QL,레이저,레이저
LA,라탐 항공,라탐항공
JJ,라탐 항공 브라질,라탐항공브라질
LU,라탐 항공 칠레,라탐항공칠레
4C,라탐 항공 콜롬비아,라탐항공콜롬비아
XL,라탐 항공 에콰도르,라탐항공에콰도르
PZ,라탐 항공 파라과이,라탐항공파라과이
LP,라탐 항공 페루,라탐항공페루
M3,라탐 카고 브라질,라탐카고브라질
UC,라탐 카고 칠레,라탐카고칠레
L7,라탐 카고 콜롬비아,라탐카고콜롬비아
LW,라우다 유럽 항공,라우다유럽항공
KK,LEAV 항공,LEAV항공
LZ,레전드 항공,레전드항공
LN,리비아 항공,리비아항공
LB,리비안 익스프레스,리비안익스프레스
YL,리비아 윙스,리비아윙스
4L,LAS 화물 항공,LAS화물항공
JT,라이온 항공,라이온항공
LM,로간에어,로간에어
LT,룽장 항공,룽장항공
GJ,룽 항공,룽항공
LO,LOT 폴란드 항공,LOT폴란드항공
8L,럭키 에어,럭키에어
LH,루프트한자,루프트한자
LH,루프트한자 카고,루프트한자카고
VL,루프트한자 시티 에어라인즈,루프트한자시티에어라인즈
CL,루프트한자 시티라인,루프트한자시티라인
L8,루루타이 항공,루루타이항공
L9,루미윙스,루미윙스
LG,룩스에어,룩스에어
BN,럭스윙,럭스윙
L2,린든 항공화물,린든항공화물
MD,마다가스카르 항공,마다가스카르항공
DJ,머스크 화물항공,머스크화물항공
W5,마한 항공,마한항공
3W,말라이 항공,말라이항공
MH,말레이시아 항공,말레이시아항공
Q2,몰디비안,몰디비안
DB,말레스 항공,말레스항공
MW,몰타 항공,몰타항공
MT,몰타 메드에어,몰타메드에어
AE,만다린 항공,만다린항공
7Y,만야다나폰 항공,만야다나폰항공
NR,만타 에어,만타에어
7M,MAP 항공,MAP항공
DI,마라부,마라부
O8,마라톤 항공,마라톤항공
MP,마르틴에어,마르틴에어
M7,마스,마스
L6,모리타니 항공,모리타니항공
4M,마비곡 항공,마비곡항공
VM,맥스 항공 나이지리아,맥스항공나이지리아
6M,막시무스 에어카고,막시무스에어카고
2M,마야 아일랜드 항공,마야아일랜드항공
N5,메다비아,메다비아
BM,메드스키 항공,메드스키항공
4X,머큐리 월드 카고,머큐리월드카고
YV,메사 항공,메사항공
MX,멕시카나 항공,멕시카나항공
7D,MGC 항공,MGC항공
M2,MHS 항공,MHS항공
OM,MIAT 몽골 항공,MIAT몽골항공
ME,미들 이스트 항공,미들이스트항공
K7,밍갈라 항공,밍갈라항공
WW,M 제트 인터내셔널,M제트인터내셔널
MB,MNG 항공,MNG항공
WD,모던 로지스틱스,모던로지스틱스
XF,몽골 화물항공,몽골화물항공
6V,MRK 항공,MRK항공
C6,마이 프라이터 항공,마이프라이터항공
2Y,마이 인도 항공,마이인도항공
8M,미얀마 국제항공,미얀마국제항공
UB,미얀마 국영항공,미얀마국영항공
MJ,마이웨이 항공,마이웨이항공
T2,나키나 에어 서비스,나키나에어서비스
IN,남 에어,남에어
N8,내셔널 미국 항공,내셔널미국항공
9Y,내셔널 항공,내셔널항공
NM,나티레바 에어 모아나,나티레바에어모아나
ON,나우루 항공,나우루항공
NO,네오스 항공,네오스항공
RA,네팔 항공,네팔항공
NE,네스마 이집트 항공,네스마이집트항공
NA,네스마 사우디아라비아 항공,네스마사우디아라비아항공
1I,넷제트,넷제트
EJ,뉴 잉글랜드 항공,뉴잉글랜드항공
7H,뉴퍼시픽 항공,뉴퍼시픽항공
NJ,나제르 항공,나제르항공
NP,나일 에어,나일에어
KZ,일본 화물항공,일본화물항공
DD,녹 에어,녹에어
N5,놀리노르 항공,놀리노르항공
NA,노마드 항공,노마드항공
N7,노르딕 리저널 항공,노르딕리저널항공
ND,노르디카,노르디카
Y7,노드스타 항공,노드스타항공
N4,노드윈드 항공,노드윈드항공
N0,노르스 애틀랜틱 항공,노르스애틀랜틱항공
Z0,노르스 애틀랜틱 영국,노르스애틀랜틱영국
NC,노던 에어 카고,노던에어카고
J3,노스웨스턴 에어 리스,노스웨스턴에어리스
HW,노스라이트 항공,노스라이트항공
DY,노르웨이 항공 셔틀 AOC,노르웨이항공셔틀AOC
D8,노르웨이 항공 스웨덴 AOC,노르웨이항공스웨덴AOC
BJ,누벨레어 튀니지,누벨레어튀니지
O9,노바 항공,노바항공
NG,노바 항공 아르메니아,노바항공아르메니아
VQ,노보에어,노보에어
OJ,닉스 에어,닉스에어
BK,오캐이 항공,오캐이항공
OA,올림픽 항공,올림픽항공
WY,오만 에어,오만에어
OY,옴니 에어 인터네셔널,옴니에어인터네셔널
OX,원항공 SAU,원항공SAU
O7,오렌부르크 항공,오렌부르크항공
OC,오리엔탈 에어 브리지,오리엔탈에어브리지
OF,오버랜드 항공,오버랜드항공
YI,오야 국제항공,오야국제항공
BL,퍼시픽 항공,퍼시픽항공
3F,퍼시픽 항공 주식회사,퍼시픽항공주식회사
8P,퍼시픽 코스탈 항공,퍼시픽코스탈항공
PK,파키스탄 국제항공,파키스탄국제항공
PB,PAL 항공 캐나다,PAL항공캐나다
2P,PAL 익스프레스,PAL익스프레스
8Y,팬퍼시픽 항공,팬퍼시픽항공
5P,파노라마 항공,파노라마항공
HI,필리핀 그랜드캐년 헬리콥터,필리핀그랜드캐년헬리콥터
ZP,파라네어,파라네어
P6,파스칸 항공,파스칸항공
OP,패션에어,패션에어
MM,피치 항공,피치항공
PC,페가수스 항공,페가수스항공
IP,펠리타 항공 서비스,펠리타항공서비스
PE,피폴즈 항공,피폴즈항공
UF,페트롤리움 에어 서비스,페트롤리움에어서비스
PR,필리핀 항공,필리핀항공
Z2,필리핀 에어아시아,필리핀에어아시아
PT,피드 몬트 항공,피드몬트항공
OG,플레이 항공,플레이항공
PU,플러스 울트라 항공,플러스울트라항공
CG,PNG 항공,PNG항공
DP,포베다 항공,포베다항공
PO,폴라 에어 카고,폴라에어카고
PI,폴라 항공,폴라항공
HP,포풀에어,포풀에어
PD,포터 항공,포터항공
NI,포튜갈리아 항공,포튜갈리아항공
M4,미스트랄 항공,미스트랄항공
6P,프라단 에어 익스프레스,프라단에어익스프레스
PW,프리시즌 항공서비스,프리시즌항공서비스
3X,프리미어 트랜스 에어,프리미어트랜스에어
E3,프리마 항공 트라스포티 이탈리아니,프리마항공트라스포티이탈리아니
P6,프리빌리지스타일,프리빌리지스타일
P0,프로플라이트 잠비아,프로플라이트잠비아
OH,PSA 항공,PSA항공
Z4,푸마 항공,푸마항공
HH,카나트 샤크 항공,카나트샤크항공
QF,콴타스 항공,콴타스항공
QR,카타르 항공,카타르항공
IQ,카자흐 항공,카자흐항공
QB,케심 항공,케심항공
QW,칭다오 항공,칭다오항공
QA,퀸 빌키스 항공,퀸빌키스항공
QO,퀵젯 항공,퀵젯항공
R4,라노 에어,라노에어
TH,라야 항공,라야항공
L5,레드 에어,레드에어
4S,홍해 항공,홍해항공
WZ,레더윙즈,레더윙즈
8N,리저널 항공 서비스,리저널항공서비스
EX,리저널 익스프레스 아메리카,리저널익스프레스아메리카
4P,리저널 스카이,리저널스카이
L0,릴라이언트 에어 차터,릴라이언트에어차터
YX,리퍼블릭 항공,리퍼블릭항공
ZL,렉스 항공,렉스항공
RI,림분 에어,림분에어
NJ,룸카고,룸카고
FV,로시야 항공,로시야항공
RG,로타나 제트 항공,로타나제트항공
AT,로얄 모로코 항공,로얄모로코항공
RW,로얄 에어 필리핀,로얄에어필리핀
BI,로얄 브루나이 항공,로얄브루나이항공
RJ,로얄 요르단 항공,로얄요르단항공
3Q,로얄 잠비아 항공,로얄잠비아항공
R0,루스키 에어로 인도네시아,루스키에어로인도네시아
7R,루스라인,루스라인
5R,루타카 항공,루타카항공
WB,르완다 항공,르완다항공
7S,라이언 에어서비스,라이언에어서비스
FR,라이언에어,라이언에어
RK,라이언에어 영국,라이언에어영국
S7,S7 항공,S7항공
FA,사페어,사페어
ZF,사파리 익스프레스 카고,사파리익스프레스카고
F2,사파리 링크 항공,사파리링크항공
K3,세이프 에어 컴퍼니,세이프에어컴퍼니
PV,세인트바스 커뮤터,세인트바스커뮤터
OV,살람 에어,살람에어
SO,살사 다아이티,살사다아이티
OL,사모아 에어웨이,사모아에어웨이
RZ,SANSA 항공,SANSA항공
SK,SAS 랑공,SAS랑공
SL,SAS 연결,SAS연결
SP,SATA 에어 아조레스,SATA에어아조레스
9R,사테나 항공,사테나항공
SV,사우디아 항공,사우디아항공
DV,스캇 항공,스캇항공
YR,시닉 항공,시닉항공
TR,스쿳,스쿳
BB,시본 항공,시본항공
XO,씨에어 인터내셔널,씨에어인터내셔널
IS,세페란항공,세페란항공
ER,세린 에어,세린에어
D2,세버스탈 에어컴퍼니,세버스탈에어컴퍼니
O3,SF 항공,SF항공
SC,산동 항공,산동항공
FM,상해 항공,상해항공
SH,샤프 항공,샤프항공
ZH,선전 항공,선전항공
5G,시라크 항공,시라크항공
N9,슈리 항공,슈리항공
3U,쓰촨 항공,쓰촨항공
SI,시에라 퍼시픽 항공,시에라퍼시픽항공
US,실크 아비아,실크아비아
ZP,실크웨이 항공,실크웨이항공
7L,실크웨이 웨스트 항공,실크웨이웨스트항공
3M,실버항공,실버항공
SQ,싱가포르 항공,싱가포르항공
SQ,싱가포르 화물항공,싱가포르화물항공
HK,스키퍼스 항공,스키퍼스항공
H2,스카이 칠레 항공,스카이칠레항공
BQ,스카이 알프스 항공,스카이알프스항공
ZA,스카이 앙코르 항공,스카이앙코르항공
RD,스카이 카나,스카이카나
GQ,스카이 익스프레스,스카이익스프레스
U3,스카이게이트 항공,스카이게이트항공
ML,스카이 말리,스카이말리
H8,스카이 페루,스카이페루
A7,스카이 셔틀 헬리콥터스 리미티드,스카이셔틀헬리콥터스리미티드
S8,스카이 항공,스카이항공
DO,스카이하이 도미니카나,스카이하이도미니카나
M8,스카이제트 항공,스카이제트항공
GG,스카이리스 카고,스카이리스카고
QU,스카이라인 익스프레스,스카이라인익스프레스
BC,스카이마크 항공,스카이마크항공
TE,스카이택시,스카이택시
QN,스카이트랜스,스카이트랜스
PQ,스카이업,스카이업
U5,스카이업 MT,스카이업MT
OW,스카이워드 익스프레스,스카이워드익스프레스
SR,스카이웨어 항공,스카이웨어항공
LC,스카이웨이 코스타리카,스카이웨이코스타리카
OO,스카이웨스트 항공,스카이웨스트항공
5N,스마타비아,스마타비아
6Y,스마트링스 항공,스마트링스항공
2N,스마트링스 항공 몰타,스마트링스항공몰타
QS,스마트윙스,스마트윙스
7O,스마트윙스 헝가리,스마트윙스헝가리
3Z,스마트윙스 폴란드,스마트윙스폴란드
6D,스마트윙스 슬로바키아,스마트윙스슬로바키아
2E,스모키베이 에어,스모키베이에어
6J,솔라시드 에어,솔라시드에어
FW,솔렌타 항공 모잠비크,솔렌타항공모잠비크
SP,솔리네어,솔리네어
IE,솔로몬 항공,솔로몬항공
SZ,소몬에어,소몬에어
SK,송버드 항공,송버드항공
SA,남아프리카 항공,남아프리카항공
PL,서던에어 차터,서던에어차터
9X,서던 익스프레스 항공,서던익스프레스항공
IH,서던 스카이 항공,서던스카이항공
WN,사우스웨스트 항공,사우스웨스트항공
2S,사우스윈드 항공,사우스윈드항공
Y3,스페이스비 에어라인즈,스페이스비에어라인즈
SG,스파이스 제트,스파이스제트
SG,스파이스 익스프레스,스파이스익스프레스
NK,스피릿 항공,스피릿항공
9C,춘추 항공,춘추항공
IJ,일본 춘추 항공,일본춘추항공
P8,스프린트 에어,스프린트에어
UL,스리랑카 항공,스리랑카항공
SJ,수르위자야 항공,수르위자야항공
4E,스타보에어,스타보에어
S5,스타 에어 인도,스타에어인도
4R,스타이스트 항공,스타이스트항공
2I,스타 페루,스타페루
7G,스타플라이어,스타플라이어
JX,스타룩스 항공,스타룩스항공
8F,STP 항공,STP항공
SD,수단 항공,수단항공
SY,선 컨트리 항공,선컨트리항공
LY,선도르 국제항공,선도르국제항공
EZ,선에어 스칸디나비아,선에어스칸디나비아
DR,수난 루이리 항공,수난루이리항공
DK,선클래스 항공,선클래스항공
SR,선데어,선데어
R8,선댄스 항공 베네수엘라,선댄스항공베네수엘라
XQ,썬익스프레스,썬익스프레스
2R,선라이트 항공,선라이트항공
S6,선라이즈 항공,선라이즈항공
YH,선스플래시 항공 LLC,선스플래시항공LLC
WG,선윙 항공,선윙항공
Y8,수파르나 항공,수파르나항공
IU,슈퍼에어 제트,슈퍼에어제트
PY,수리남 항공,수리남항공
WT,스위프트에어,스위프트에어
LX,스위스 국제 항공,스위스국제항공
7E,실트 에어,실트에어
RB,시리아 항공,시리아항공
DT,TAAG 항공,TAAG항공
T0,TACA 페루,TACA페루
TI,테일윈드 항공,테일윈드항공
EQ,TAME 항공,TAME항공
Z3,타나나 에어서비스,타나나에어서비스
TP,TAP 항공 포르투갈,TAP항공포르투갈
TP,TAP 익스프레스,TAP익스프레스
K3,타취안 항공,타취안항공
YQ,TAR 멕시코,TAR멕시코
3T,타르코 항공,타르코항공
RO,TAROM 항공,TAROM항공
HJ,타즈만 카고 항공,타즈만카고항공
SF,타실리 항공,타실리항공
TD,트빌리시 항공,트빌리시항공
FD,타이 에어아시아,타이에어아시아
XJ,타이 에어아시아 X,타이에어아시아X
TG,타이 항공,타이항공
SL,타이 라이온 에어,타이라이온에어
VZ,타이 비엣젯 항공,타이비엣젯항공
HT,천진 항공 화물,천진항공화물
GS,천진 항공,천진항공
TV,티베트 항공,티베트항공
IT,타이거에어 타이완,타이거에어타이완
ZT,타이탄 항공,타이탄항공
TM,타이탄 항공 몰타,타이탄항공몰타
BV,토키 항공,토키항공
C3,트레이드 항공,트레이드항공
TJ,트레이드윈드 항공,트레이드윈드항공
Q8,트랜스에어 콩고,트랜스에어콩고
R2,트랜스에어 세네갈,트랜스에어세네갈
HV,트랜스아비아,트랜스아비아
TO,트랜스아비아 프랑스,트랜스아비아프랑스
T7,트랜스카르가 국제항공,트랜스카르가국제항공
8B,트랜스누사 항공 서비스,트랜스누사항공서비스
2L,볼리비아 항공 운송,볼리비아항공운송
5U,과테말라 항공 운송,과테말라항공운송
IL,트리가나 에어,트리가나에어
9N,트로픽 항공,트로픽항공
BY,TUI 항공,TUI항공
X3,TUI 플라이,TUI플라이
TB,TUI 플라이 벨기에,TUI플라이벨기에
OR,TUI 플라이 네덜란드,TUI플라이네덜란드
6B,TUI 플라이 노르딕,TUI플라이노르딕
TU,튀니지 항공,튀니지항공
UG,튀니지 항공 익스프레스,튀니지항공익스프레스
TK,터키 항공,터키항공
T5,투르크메니스탄 항공,투르크메니스탄항공
T9,투르피알 항공,투르피알항공
U8,투스 항공,투스항공
TW,티웨이 항공,티웨이항공
T7,트윈 제트,트윈제트
UR,우간다 항공,우간다항공
GO,ULS 화물항공,ULS화물항공
UE,얼티밋 에어 셔틀,얼티밋에어셔틀
UE,얼티밋 제트 차터,얼티밋제트차터
UF,유엠 항공,유엠항공
B7,유니 항공,유니항공
6U,유니크 에어,유니크에어
UA,유나이티드 항공,유나이티드항공
U7,유니월드에어카고,유니월드에어카고
5X,UPS,UPS
UD,UR 항공,UR항공
U6,우랄 항공,우랄항공
UQ,우루무치 항공,우루무치항공
UJ,USA 제트 항공,USA제트항공
BS,US 방글라 항공,US방글라항공
UT,유테어 항공,유테어항공
RT,UVT 항공,UVT항공
HY,우즈베키스탄 항공,우즈베키스탄항공
VK,밸류제트,밸류제트
V9,밴에어 유럽,밴에어유럽
V4,벤세카 인터내셔널,벤세카인터내셔널
V6,VI 에어링크,VI에어링크
V4,비에케스 에어링크,비에케스에어링크
VJ,비엣젯 항공,비엣젯항공
0V,베트남 항공 서비스,베트남항공서비스
VN,베트남 항공,베트남항공
VU,비엣트래블 항공,비엣트래블항공
VP,빌라에어,빌라에어
VS,버진 애틀랜틱 항공,버진애틀랜틱항공
VA,버진 오스트레일리아,버진오스트레일리아
XR,버진 오스트레일리아 지역 항공,버진오스트레일리아지역항공
VB,비바 항공,비바항공
2Z,VOEPASS 항공,VOEPASS항공
Y4,볼라리스 항공,볼라리스항공
Q6,볼라리스 코스타리카,볼라리스코스타리카
N3,볼라리스 엘살바도르,볼라리스엘살바도르
VI,볼가-드뇌프르 항공,볼가-드뇌프르항공
V7,볼로테아,볼로테아
VY,부엘링 항공,부엘링항공
MW,왈칭 마틸다 항공,왈칭마틸다항공
EB,와모스 항공,와모스항공
4W,워보로우즈 에어 벤처스,워보로우즈에어벤처스
WP,와사야 항공,와사야항공
PN,웨스트 에어,웨스트에어
T2,웨스트 애틀란틱,웨스트애틀란틱
WU,웨스턴 항공,웨스턴항공
KD,웨스턴 글로벌 항공,웨스턴글로벌항공
WS,웨스트제트,웨스트제트
WR,웨스트제트 앙코르,웨스트제트앙코르
WI,화이트항공,화이트항공
WF,위데뢰에 항공,위데뢰에항공
WM,윈에어,윈에어
7W,윈드로즈 항공,윈드로즈항공
P5,윙고 항공,윙고항공
WH,윙고 파나마,윙고파나마
IW,윙즈 에어,윙즈에어
W6,위즈 에어,위즈에어
5W,위즈 에어 아부다비,위즈에어아부다비
W4,위즈 에어 몰타,위즈에어몰타
W9,위즈 에어 영국,위즈에어영국
WL,월드 아틀랜틱 항공,월드아틀랜틱항공
3G,월드 카고 항공,월드카고항공
2W,월드투플라이,월드투플라이
3P,월드투플라이 포르투갈,월드투플라이포르투갈
8V,라이트 에어 서비스,라이트에어서비스
4U,제제트 항공,제제트항공
MF,샤먼 항공,샤먼항공
R3,야쿠티아 항공,야쿠티아항공
YC,야말 항공,야말항공
YE,야 에어,야에어
IY,예메니아,예메니아
YT,예티 항공,예티항공
YG,YTO 화물항공,YTO화물항공
7Z,Z 에어,Z에어
ZN,잠비아 항공,잠비아항공
ZK,제트 아비아,제트아비아
XM,지멕스 항공,지멕스항공
ZG,집 에어,집에어
ZO,줌 항공,줌항공